{
  "environment": {
    "commit_hash": "44755d657a821290f5557a252a06e18f760cada1",
    "cpu_count": 10,
    "platform": "macOS-26.3-arm64-arm-64bit-Mach-O",
    "processor": "arm",
    "python_version": "3.14.3"
  },
  "generated_at": "2026-07-16T12:42:20.424278+00:00",
  "mode": "baseline",
  "parameters": {
    "runs": 7,
    "seed": 42,
    "sizes": [
      80,
      500,
      2500
    ],
    "warmup": 2
  },
  "results": {
    "2500": {
      "legacy_end_to_end": {
        "elapsed_seconds_samples": [
          3.872751792,
          3.88423925,
          3.884070167,
          3.886010083,
          3.940283833,
          3.903279916,
          3.923361667
        ],
        "median_elapsed_seconds": 3.886010083,
        "median_peak_memory_bytes": 54277470,
        "peak_memory_bytes_samples": [
          54277470,
          54277470,
          54277470,
          54277470,
          54277470,
          54277470,
          54277470
        ],
        "signature_samples": [
          "c92a845a6aa4063903640212a33182e5a7df898fda096e4aab8fe34f13de56ba",
          "c92a845a6aa4063903640212a33182e5a7df898fda096e4aab8fe34f13de56ba",
          "c92a845a6aa4063903640212a33182e5a7df898fda096e4aab8fe34f13de56ba",
          "c92a845a6aa4063903640212a33182e5a7df898fda096e4aab8fe34f13de56ba",
          "c92a845a6aa4063903640212a33182e5a7df898fda096e4aab8fe34f13de56ba",
          "c92a845a6aa4063903640212a33182e5a7df898fda096e4aab8fe34f13de56ba",
          "c92a845a6aa4063903640212a33182e5a7df898fda096e4aab8fe34f13de56ba"
        ]
      },
      "legacy_initialization": {
        "elapsed_seconds_samples": [
          0.088323333,
          0.08932,
          0.088152792,
          0.087316417,
          0.088083833,
          0.08759375,
          0.089164417
        ],
        "median_elapsed_seconds": 0.088152792,
        "median_peak_memory_bytes": 19501216,
        "peak_memory_bytes_samples": [
          19501216,
          19501216,
          19501216,
          19501216,
          19501216,
          19501216,
          19501216
        ]
      },
      "operation_count": 2500
    },
    "500": {
      "legacy_end_to_end": {
        "elapsed_seconds_samples": [
          0.454162667,
          0.456853958,
          0.45891325,
          0.458965584,
          0.459774375,
          0.465449834,
          0.460465917
        ],
        "median_elapsed_seconds": 0.458965584,
        "median_peak_memory_bytes": 11386028,
        "peak_memory_bytes_samples": [
          11386028,
          11385978,
          11386078,
          11386078,
          11385928,
          11386078,
          11386028
        ],
        "signature_samples": [
          "cba75b8e4e533e095af3d9be411184154d80bd426e2d70c61ced9a3e1672ef28",
          "cba75b8e4e533e095af3d9be411184154d80bd426e2d70c61ced9a3e1672ef28",
          "cba75b8e4e533e095af3d9be411184154d80bd426e2d70c61ced9a3e1672ef28",
          "cba75b8e4e533e095af3d9be411184154d80bd426e2d70c61ced9a3e1672ef28",
          "cba75b8e4e533e095af3d9be411184154d80bd426e2d70c61ced9a3e1672ef28",
          "cba75b8e4e533e095af3d9be411184154d80bd426e2d70c61ced9a3e1672ef28",
          "cba75b8e4e533e095af3d9be411184154d80bd426e2d70c61ced9a3e1672ef28"
        ]
      },
      "legacy_initialization": {
        "elapsed_seconds_samples": [
          0.01831175,
          0.018328834,
          0.017531833,
          0.017921625,
          0.017988416,
          0.018496,
          0.018377917
        ],
        "median_elapsed_seconds": 0.01831175,
        "median_peak_memory_bytes": 4241986,
        "peak_memory_bytes_samples": [
          4241986,
          4242086,
          4242236,
          4241786,
          4242536,
          4241386,
          4241786
        ]
      },
      "operation_count": 500
    },
    "80": {
      "legacy_end_to_end": {
        "elapsed_seconds_samples": [
          0.0741095,
          0.07403775,
          0.074093833,
          0.075731583,
          0.074018208,
          0.074262375,
          0.074776667
        ],
        "median_elapsed_seconds": 0.0741095,
        "median_peak_memory_bytes": 2209094,
        "peak_memory_bytes_samples": [
          2210540,
          2209352,
          2209348,
          2208092,
          2209094,
          2208836,
          2208936
        ],
        "signature_samples": [
          "a01ea8979377310b76595a64fe02d759980d370b29c4dd3d621e1cd30c0d433d",
          "a01ea8979377310b76595a64fe02d759980d370b29c4dd3d621e1cd30c0d433d",
          "a01ea8979377310b76595a64fe02d759980d370b29c4dd3d621e1cd30c0d433d",
          "a01ea8979377310b76595a64fe02d759980d370b29c4dd3d621e1cd30c0d433d",
          "a01ea8979377310b76595a64fe02d759980d370b29c4dd3d621e1cd30c0d433d",
          "a01ea8979377310b76595a64fe02d759980d370b29c4dd3d621e1cd30c0d433d",
          "a01ea8979377310b76595a64fe02d759980d370b29c4dd3d621e1cd30c0d433d"
        ]
      },
      "legacy_initialization": {
        "elapsed_seconds_samples": [
          0.004377541,
          0.004501625,
          0.004506834,
          0.004503166,
          0.004528,
          0.004474167,
          0.004602291
        ],
        "median_elapsed_seconds": 0.004503166,
        "median_peak_memory_bytes": 1009066,
        "peak_memory_bytes_samples": [
          1009416,
          1009728,
          1009066,
          1009686,
          1009056,
          1008568,
          1008906
        ]
      },
      "operation_count": 80
    }
  },
  "schema_version": 1
}
