{
  "environment": {
    "commit_hash": "7804fa49217255ad2abd85814571593568c7cfdd",
    "cpu_count": 10,
    "platform": "macOS-26.3-arm64-arm-64bit-Mach-O",
    "processor": "arm",
    "python_version": "3.14.3"
  },
  "generated_at": "2026-07-16T11:40:33.200170+00:00",
  "mode": "baseline",
  "parameters": {
    "runs": 7,
    "seed": 42,
    "sizes": [
      80,
      500,
      2500
    ],
    "warmup": 2
  },
  "results": {
    "2500": {
      "legacy_end_to_end": {
        "elapsed_seconds_samples": [
          4.030580667,
          3.973482958,
          3.998419708,
          4.16080775,
          3.999612167,
          4.140117625,
          3.976123042
        ],
        "median_elapsed_seconds": 3.999612167,
        "median_peak_memory_bytes": 54274032,
        "peak_memory_bytes_samples": [
          54274032,
          54274032,
          54274032,
          54274032,
          54274032,
          54274032,
          54274032
        ],
        "signature_samples": [
          "f922a662c3d71a8176641cbc1fad1392859facc9b5cd40d7824f6281858ba550",
          "f922a662c3d71a8176641cbc1fad1392859facc9b5cd40d7824f6281858ba550",
          "f922a662c3d71a8176641cbc1fad1392859facc9b5cd40d7824f6281858ba550",
          "f922a662c3d71a8176641cbc1fad1392859facc9b5cd40d7824f6281858ba550",
          "f922a662c3d71a8176641cbc1fad1392859facc9b5cd40d7824f6281858ba550",
          "f922a662c3d71a8176641cbc1fad1392859facc9b5cd40d7824f6281858ba550",
          "f922a662c3d71a8176641cbc1fad1392859facc9b5cd40d7824f6281858ba550"
        ]
      },
      "legacy_initialization": {
        "elapsed_seconds_samples": [
          0.093710709,
          0.102775042,
          0.09587775,
          0.095946417,
          0.098724708,
          0.092632833,
          0.09594775
        ],
        "median_elapsed_seconds": 0.095946417,
        "median_peak_memory_bytes": 19342606,
        "peak_memory_bytes_samples": [
          19342606,
          19342606,
          19342606,
          19342606,
          19342606,
          19342606,
          19342606
        ]
      },
      "operation_count": 2500
    },
    "500": {
      "legacy_end_to_end": {
        "elapsed_seconds_samples": [
          0.471359916,
          0.472211458,
          0.474520417,
          0.472823583,
          0.475110208,
          0.47624975,
          0.474994709
        ],
        "median_elapsed_seconds": 0.474520417,
        "median_peak_memory_bytes": 11386166,
        "peak_memory_bytes_samples": [
          11385716,
          11386166,
          11385916,
          11386166,
          11386216,
          11386116,
          11386266
        ],
        "signature_samples": [
          "3a42efb003c12987f50d62591acd603830a8a92d76434dea6b88f2b9a7b23be3",
          "3a42efb003c12987f50d62591acd603830a8a92d76434dea6b88f2b9a7b23be3",
          "3a42efb003c12987f50d62591acd603830a8a92d76434dea6b88f2b9a7b23be3",
          "3a42efb003c12987f50d62591acd603830a8a92d76434dea6b88f2b9a7b23be3",
          "3a42efb003c12987f50d62591acd603830a8a92d76434dea6b88f2b9a7b23be3",
          "3a42efb003c12987f50d62591acd603830a8a92d76434dea6b88f2b9a7b23be3",
          "3a42efb003c12987f50d62591acd603830a8a92d76434dea6b88f2b9a7b23be3"
        ]
      },
      "legacy_initialization": {
        "elapsed_seconds_samples": [
          0.019037,
          0.018386542,
          0.019612625,
          0.018879583,
          0.01846325,
          0.018472708,
          0.018448833
        ],
        "median_elapsed_seconds": 0.018472708,
        "median_peak_memory_bytes": 4211186,
        "peak_memory_bytes_samples": [
          4210786,
          4211186,
          4211886,
          4211236,
          4211136,
          4211886,
          4210986
        ]
      },
      "operation_count": 500
    },
    "80": {
      "legacy_end_to_end": {
        "elapsed_seconds_samples": [
          0.07580925,
          0.076953709,
          0.07631825,
          0.077286916,
          0.080012166,
          0.077440583,
          0.077008334
        ],
        "median_elapsed_seconds": 0.077008334,
        "median_peak_memory_bytes": 2208808,
        "peak_memory_bytes_samples": [
          2207900,
          2209362,
          2208808,
          2209052,
          2208254,
          2208546,
          2209146
        ],
        "signature_samples": [
          "a01ea8979377310b76595a64fe02d759980d370b29c4dd3d621e1cd30c0d433d",
          "a01ea8979377310b76595a64fe02d759980d370b29c4dd3d621e1cd30c0d433d",
          "a01ea8979377310b76595a64fe02d759980d370b29c4dd3d621e1cd30c0d433d",
          "a01ea8979377310b76595a64fe02d759980d370b29c4dd3d621e1cd30c0d433d",
          "a01ea8979377310b76595a64fe02d759980d370b29c4dd3d621e1cd30c0d433d",
          "a01ea8979377310b76595a64fe02d759980d370b29c4dd3d621e1cd30c0d433d",
          "a01ea8979377310b76595a64fe02d759980d370b29c4dd3d621e1cd30c0d433d"
        ]
      },
      "legacy_initialization": {
        "elapsed_seconds_samples": [
          0.004855792,
          0.00511675,
          0.005099334,
          0.004988833,
          0.004838209,
          0.004735458,
          0.005292625
        ],
        "median_elapsed_seconds": 0.004988833,
        "median_peak_memory_bytes": 1003994,
        "peak_memory_bytes_samples": [
          1005004,
          1004016,
          1003754,
          1004024,
          1003994,
          1003956,
          1003244
        ]
      },
      "operation_count": 80
    }
  },
  "schema_version": 1
}
